id,retail_price,trade_price,purchase_price,drug_id,company_id,created_at,updated_at,distributor_id,quantity,invoice_date,invoice_number,deleted_at,discount,additional_discount
3,14.71,12.51,11.26,6,3,2018-08-08 16:40:30,2018-08-31 17:40:53,3,280,2018-07-27,23938,,15,0
4,79.8,67.83,61.05,7,4,2018-08-08 16:56:43,2018-08-31 17:40:05,3,100,2018-07-27,23938,,15,0
5,175,148.75,133.88,8,2,2018-08-08 17:08:03,2018-08-31 17:38:04,4,20,2018-08-08,31174,,15,0
6,14.14,12.02,10.82,9,2,2018-08-08 17:12:25,2018-09-24 20:23:52,4,280,2018-08-08,31174,,15,0
7,148,125.8,113.22,10,2,2018-08-08 17:16:11,2018-09-24 20:22:23,4,30,2018-08-08,31174,,15,0
8,24.5,20.83,0,11,5,2018-08-08 17:24:45,2018-09-24 20:18:37,1,140,2018-08-08,348770,,15,0
9,36,30.6,0,12,5,2018-08-08 17:31:51,2018-09-24 20:18:13,1,140,2018-08-08,348770,,15,0
10,20.71,17.6,0,13,5,2018-08-08 17:33:38,2018-09-24 20:17:44,1,140,2018-08-08,348770,,15,0
11,24.1,20.49,18.44,14,7,2018-08-09 15:10:10,2018-08-30 15:21:18,2,100,2018-08-01,277591,,15,0
12,31.6,26.86,24.17,15,7,2018-08-09 15:11:31,2018-08-30 15:22:09,2,100,2018-08-01,277591,,15,0
13,22.5,19.12,17.21,16,7,2018-08-09 15:13:51,2018-08-30 15:25:22,2,200,2018-08-01,277591,,15,0
14,22.93,19.49,17.54,20,8,2018-08-10 14:10:48,2018-08-31 17:26:28,5,140,2018-08-07,1320357,,15,0
15,25,21.25,19.13,17,7,2018-08-10 14:25:09,2018-08-30 15:24:46,2,100,2018-08-01,277591,,15,0
16,15,12.75,11.48,19,7,2018-08-10 14:28:01,2018-08-30 15:20:11,2,100,2018-08-01,277591,,15,0
17,9.5,8.08,7.27,18,7,2018-08-10 14:29:43,2018-09-19 16:54:15,2,200,2018-08-01,277591,,15,0
18,30.95,26.31,0,21,5,2018-08-10 15:08:52,2018-09-24 20:12:20,1,140,2018-07-30,340546,,15,0
19,26.95,22.91,0,22,5,2018-08-10 15:11:50,2018-09-24 20:11:30,1,140,2018-07-30,340546,,15,0
20,18.93,16.09,0,24,5,2018-08-10 15:14:05,2018-09-24 20:10:07,1,140,2018-07-30,340546,,15,0
21,24.43,20.76,0,23,5,2018-08-10 15:17:11,2018-09-24 20:09:26,1,140,2018-07-30,340546,,15,0
22,20.42,17.35,0,25,5,2018-08-10 15:19:02,2018-09-24 20:08:42,1,100,2018-07-30,340546,,15,0
23,20,17,0,26,5,2018-08-10 15:20:46,2018-09-24 20:03:11,1,100,2018-07-30,340546,,15,0
24,10.2,8.67,0,27,5,2018-08-10 15:28:35,2018-09-24 20:02:19,1,200,2018-07-30,340546,,15,0
25,16,13.6,0,28,6,2018-08-10 15:53:05,2018-09-24 19:59:47,1,140,2018-07-30,340546,,15,0
26,17,14.45,0,29,6,2018-08-10 15:55:26,2018-09-24 19:58:59,1,140,2018-07-30,340546,,15,0
27,0,0,0,30,6,2018-08-10 15:57:47,2018-11-09 15:03:06,1,0,,,,15,0
28,19,16.15,0,31,6,2018-08-10 15:59:08,2018-09-24 19:56:30,1,100,2018-07-30,340546,,15,0
29,15,12.75,0,32,6,2018-08-10 16:01:08,2018-09-24 19:55:35,1,140,2018-07-30,340546,,15,0
30,11,9.35,0,33,6,2018-08-10 16:03:03,2018-09-24 19:54:23,1,140,2018-07-30,340546,,15,0
31,22,18.7,18.14,34,9,2018-08-16 16:03:23,2018-08-31 16:46:19,2,140,2018-08-11,282666,,15,0
32,20,17,16.49,35,9,2018-08-16 16:19:08,2018-09-24 20:31:34,2,400,2018-08-15,283295,,15,0
33,65,55.25,53.59,36,9,2018-08-16 16:22:56,2018-09-24 20:29:29,2,50,2018-08-15,283295,,15,0
34,33.83,28.76,0,37,10,2018-08-16 16:52:01,2018-08-27 14:44:55,6,240,2018-08-17,93819,,15,0
35,5.75,4.89,0,38,11,2018-08-16 17:01:53,2018-11-19 15:05:35,6,0,2018-08-15,89085,,15,0
36,17.86,15.18,0,39,11,2018-08-16 17:03:53,2018-08-27 14:40:27,6,140,2018-08-15,89085,,15,0
37,27.14,23.07,0,40,11,2018-08-16 17:06:00,2018-08-27 14:39:43,6,140,2018-08-15,89085,,15,0
38,10,8.5,7.65,41,12,2018-08-16 17:22:21,2018-08-27 14:38:31,5,100,2018-08-13,1324403,,15,0
39,16.1,13.69,12.32,42,12,2018-08-16 17:24:36,2018-08-27 14:37:50,5,250,2018-08-13,1324403,,15,0
40,230,195.5,175.95,43,12,2018-08-16 17:25:55,2018-08-27 14:36:08,5,20,2018-08-13,1324403,,15,0
41,6.5,5.53,4.97,44,13,2018-08-20 16:21:39,2018-09-24 20:35:23,7,300,2018-08-20,2050,,15,0
42,24.1,20.49,18.44,14,7,2018-08-20 16:27:16,2018-08-27 14:23:34,2,200,2018-08-20,285591,,15,0
43,15,12.75,11.48,19,7,2018-08-20 16:54:38,2018-08-27 14:22:41,2,200,2018-08-20,285591,,15,0
47,38.25,32.51,0,52,15,2018-08-28 15:06:42,2018-08-28 15:11:51,8,200,2018-08-28,20012,,15,0
48,37,31.45,0,51,15,2018-08-28 15:25:02,2018-08-28 15:25:02,8,200,2018-08-28,20012,,15,0
49,31.6,26.86,24.17,15,7,2018-08-28 16:05:41,2018-08-28 16:05:41,2,400,2018-08-25,286514,,15,0
50,25,21.25,19.13,17,7,2018-08-28 16:12:31,2018-08-28 16:12:31,2,200,2018-08-25,286514,,15,0
51,34.95,29.71,0,47,14,2018-08-28 16:26:37,2018-09-24 20:39:04,1,200,2018-08-28,361680,,15,0
52,29.95,25.46,0,48,14,2018-08-28 16:28:49,2018-08-28 16:28:49,1,200,2018-08-28,361680,,15,0
53,21.5,18.28,0,49,14,2018-08-28 16:30:38,2018-08-28 16:30:38,1,100,2018-08-28,361680,,15,0
54,15,12.75,0,50,14,2018-08-28 16:32:44,2018-08-28 16:32:44,1,600,2018-08-28,361680,,15,0
55,175,148.75,133.88,8,2,2018-08-31 14:15:38,2018-09-24 20:46:30,4,20,2018-08-31,45169,,15,0
56,24.1,20.49,18.44,14,7,2018-08-31 14:55:32,2018-08-31 14:55:32,2,400,2018-08-31,289765,,15,0
57,22,18.7,18.14,34,9,2018-08-31 15:04:10,2018-09-24 20:50:46,2,350,2018-08-31,289758,,15,0
58,21.5,18.28,0,49,14,2018-08-31 15:07:07,2018-09-24 20:48:35,1,100,2018-08-31,365020,,15,0
59,10,8.5,7.65,41,12,2018-08-31 15:50:07,2018-08-31 16:12:18,5,1000,2018-08-30,1324404,,15,0
60,150,127.5,115.91,54,16,2018-09-02 9:49:35,2018-09-02 9:49:35,9,11,2018-08-29,21378,,15,0
61,36,30.6,27.54,55,17,2018-09-02 10:20:26,2018-09-02 10:20:26,10,280,2018-08-30,1819010031243,,15,0
62,30,25.5,22.95,56,17,2018-09-02 10:23:08,2018-09-02 10:23:08,10,280,2018-08-30,1819010031243,,15,0
63,23.3,19.8,17.82,57,18,2018-09-06 15:45:17,2018-10-18 13:31:59,11,60,2018-09-06,954382,,15,0
64,65,55.25,53.59,36,9,2018-09-06 15:48:22,2018-09-06 15:48:22,2,50,2018-09-06,292870,,15,0
65,10.5,8.92,0,27,5,2018-09-07 13:55:39,2018-09-07 13:57:14,1,800,2018-09-07,370957,,15,0
66,31.6,26.86,24.17,15,7,2018-09-07 14:13:08,2018-09-07 14:13:08,2,200,2018-09-07,293419,,15,0
67,23.75,20.19,18.17,16,7,2018-09-07 14:18:03,2018-09-07 14:18:03,2,200,2018-09-07,293419,,15,0
68,12.73,10.82,0,58,19,2018-09-07 14:55:26,2018-11-26 15:08:16,12,300,2018-09-07,18/E3/037390,,15,0
69,24.1,20.49,18.44,14,7,2018-09-10 16:30:24,2018-09-10 16:30:24,2,400,2018-09-10,294989,,15,0
70,15,12.75,11.47,19,7,2018-09-10 16:31:50,2018-09-10 16:31:50,2,100,2018-09-10,294989,,15,0
71,13.04,11.09,9.98,59,1,2018-09-10 16:43:22,2018-10-03 14:37:40,13,140,2018-09-08,1811095866,,15,0
72,37,31.45,0,51,15,2018-09-11 13:36:51,2018-09-11 13:36:51,8,400,2018-09-11,20102,,15,0
73,38.25,32.51,0,52,15,2018-09-11 13:38:57,2018-09-11 13:38:57,8,200,2018-09-11,20102,,15,0
74,230,195.5,175.95,43,12,2018-09-11 14:08:42,2018-09-11 14:08:42,5,35,2018-09-11,1343421,,15,0
75,21.5,18.28,0,49,14,2018-09-11 14:10:38,2018-09-11 14:10:38,1,100,2018-09-11,373784,,15,0
76,34.95,29.71,0,47,14,2018-09-11 14:12:39,2018-09-24 21:05:12,1,200,2018-09-11,373731,,15,0
77,4.29,3.64,0,66,23,2018-09-12 15:03:42,2018-09-24 21:14:03,14,140,2018-09-12,535728-18,,15,0
78,1.61,1.37,0,67,23,2018-09-12 15:06:48,2018-09-12 15:06:48,14,500,2018-09-12,535728-18,,15,0
79,1.79,1.52,0,68,24,2018-09-12 15:08:53,2018-09-12 15:08:53,14,500,2018-09-12,535728-18,,15,0
80,3.81,3.24,0,63,21,2018-09-12 15:17:28,2018-09-12 15:17:28,14,300,2018-09-12,535727-18,,15,0
81,13.85,11.77,0,62,21,2018-09-12 15:20:05,2018-09-12 15:20:05,14,200,2018-09-12,535727-18,,15,0
82,7.2,6.12,0,61,21,2018-09-12 15:38:15,2018-09-12 15:38:15,14,200,2018-09-12,535727-18,,15,0
83,76.67,65.17,0,64,22,2018-09-12 15:45:39,2018-09-12 15:45:39,14,20,2018-09-12,535727-18,,15,0
84,1.58,1.34,0,65,21,2018-09-12 15:47:23,2018-10-01 15:23:12,14,1000,2018-09-12,535727-18,,15,0
85,175,148.75,133.88,8,2,2018-09-12 15:51:48,2018-09-24 20:47:42,4,40,2018-09-12,54465,,15,0
86,14.14,12.02,10.82,9,2,2018-09-12 15:54:28,2018-09-12 15:54:28,4,280,2018-09-12,54465,,15,0
87,150,127.5,115.91,54,16,2018-09-18 13:45:02,2018-09-18 13:45:02,9,22,2018-09-17,21786,,15,0
88,6.5,5.53,4.97,44,13,2018-09-18 13:47:47,2018-09-18 13:47:47,7,500,2018-09-18,2053,,15,0
89,20.42,17.35,0,25,5,2018-09-18 14:27:49,2018-09-18 14:27:49,1,100,2018-09-18,380749,,15,0
90,15,12.75,11.48,19,7,2018-09-18 14:34:00,2018-10-11 18:28:34,2,100,2018-09-18,299397,,15,0
91,31.6,26.86,24.17,15,7,2018-09-18 14:38:21,2018-09-18 14:38:21,2,300,2018-09-18,299397,,15,0
92,9.5,8.08,7.27,18,7,2018-09-18 14:45:55,2018-09-19 16:47:29,2,400,2018-09-18,299397,,15,0
93,22,18.7,0,69,25,2018-09-22 18:00:04,2018-09-22 18:00:04,5,300,2018-09-20,1350501,,15,0
94,15,12.75,0,32,6,2018-09-25 14:25:20,2018-09-25 14:30:59,1,140,2018-09-25,384796,,15,0
95,11,9.35,0,33,6,2018-09-25 14:33:58,2018-09-25 14:33:58,1,140,2018-09-25,384796,,15,0
96,20,17,15.45,70,16,2018-09-26 14:22:14,2018-09-26 14:23:59,9,220,2018-09-26,21898,,15,0
97,22.93,19.49,0,71,26,2018-09-26 15:36:31,2018-09-26 15:36:31,12,420,2018-09-26,18/E3/040530,,15,0
98,24.1,20.49,18.44,14,7,2018-09-27 15:06:41,2018-09-27 15:06:41,2,300,2018-09-27,303716,,15,0
99,31.6,27.63,24.17,15,7,2018-09-27 15:08:54,2018-10-01 19:40:13,2,200,2018-09-27,303716,,15,0
100,23.75,20.19,18.17,16,7,2018-09-27 15:28:26,2018-09-27 15:28:26,2,200,2018-09-27,303716,,15,0
101,15.8,13.43,12.09,19,7,2018-09-27 15:31:04,2018-10-04 14:42:32,2,200,2018-09-27,303716,,15,0
102,4.08,3.47,3.12,72,27,2018-09-27 16:32:49,2018-09-27 16:32:49,5,1000,2018-09-27,1355809,,15,0
103,13.86,11.78,10.6,73,27,2018-09-27 16:35:13,2018-10-01 19:21:30,5,70,2018-09-27,1355809,,15,0
104,26,22.1,0,23,5,2018-09-28 14:33:29,2018-09-28 14:33:29,1,280,2018-09-28,387272,,15,0
105,21.5,18.28,0,49,14,2018-10-01 13:45:14,2018-10-01 13:45:14,1,150,2018-10-01,390305,,15,0
106,14.71,12.51,11.26,6,3,2018-10-02 14:24:29,2019-03-05 19:31:35,3,280,2018-10-02,31325,,15,10
107,22,18.7,18.14,34,9,2018-10-03 13:21:07,2019-03-05 19:31:35,2,280,2018-10-03,306454,,15,3
108,65,55.25,53.59,36,9,2018-10-03 13:22:35,2019-03-05 19:31:35,2,40,2018-10-03,306454,,15,3
109,16.1,13.69,12.32,42,12,2018-10-03 14:22:20,2019-03-05 19:31:35,5,500,2018-10-03,1358717,,15,10
110,37,31.45,0,51,15,2018-10-04 12:24:47,2018-10-04 12:24:47,8,400,2018-10-04,20242,,15,0
111,13.86,11.78,10.6,73,27,2018-10-04 14:48:36,2019-03-05 19:31:35,5,70,2018-09-27,1355809,,15,10
112,8.93,7.59,0,74,6,2018-10-04 15:43:04,2018-10-04 15:43:04,1,150,2018-10-04,392482,,15,0
113,24.1,20.49,18.44,14,7,2018-10-08 15:28:05,2019-03-05 19:31:35,2,300,2018-10-08,309037,,15,10
114,32.5,27.63,24.86,15,7,2018-10-08 15:29:49,2019-03-05 19:31:35,2,300,2018-10-08,309037,,15,10
115,15.8,13.43,12.09,19,7,2018-10-08 15:31:28,2019-03-05 19:31:35,2,100,2018-10-08,309037,,15,10
116,19.64,16.7,0,75,10,2018-10-08 15:35:48,2018-10-08 15:35:48,6,210,2018-10-08,191466,,15,0
117,25,21.25,19.13,17,7,2018-10-09 12:37:01,2019-03-05 19:31:35,2,150,2018-10-09,309789,,15,10
118,23.33,19.83,0,69,25,2018-10-09 13:17:50,2018-10-09 13:17:50,5,300,2018-10-09,1364122,,15,0
119,17,14.45,0,29,6,2018-10-09 15:23:45,2018-10-09 15:23:45,1,140,2018-10-09,397362,,15,0
120,36,30.6,27.54,55,17,2018-10-10 13:44:26,2019-03-05 19:31:35,10,140,2018-10-10,1819010054067,,15,10
121,30,25.5,22.95,56,17,2018-10-10 13:46:45,2019-03-05 19:31:35,10,28,2018-10-10,1819010054067,,15,10
122,12.73,10.82,0,58,19,2018-10-10 16:00:09,2018-10-10 16:00:09,12,450,2018-10-10,18/E3/043440,,15,0
123,34.95,29.71,29.11,47,14,2018-10-10 16:04:42,2019-03-05 19:31:35,1,400,2018-10-10,1274,,15,2
124,29.95,25.46,24.95,48,14,2018-10-10 16:06:14,2019-03-05 19:31:35,1,400,2018-10-10,1274,,15,2
125,10,8.5,7.65,41,12,2018-10-11 13:56:58,2019-03-05 19:31:35,5,500,2018-10-11,1366063,,15,10
126,230,195.5,175.95,43,12,2018-10-11 13:58:58,2019-03-05 19:31:35,5,30,2018-10-11,1366063,,15,10
127,8.83,7.51,0,76,28,2018-10-12 13:17:06,2018-10-12 13:17:06,10,150,2018-10-12,1819010054974,,15,0
128,15.8,13.43,12.09,19,7,2018-10-12 13:19:08,2019-03-05 19:31:35,2,400,2018-10-12,311554,,15,10
129,65,55.25,53.59,36,9,2018-10-12 13:20:47,2019-03-05 19:31:35,2,100,2018-10-12,311515,,15,3
130,20,17,0,77,14,2018-10-12 13:55:45,2018-10-12 13:55:45,1,300,2018-10-12,399608,,15,0
131,20,17,15.45,70,16,2018-10-12 14:39:48,2018-10-12 14:39:48,9,220,2018-10-12,22277,,15,0
132,175,148.75,133.88,8,2,2018-10-12 15:45:04,2019-03-05 19:31:35,4,40,2018-10-12,76209,,15,10
133,1.25,1.06,0,78,30,2018-10-17 14:40:56,2018-10-17 14:40:56,14,2000,2018-10-16,608670-18,,15,0
134,4,3.4,0,79,23,2018-10-17 14:53:50,2018-10-17 14:53:50,14,500,2018-10-16,608670-18,,15,0
135,21.39,18.18,0,80,29,2018-10-17 15:04:05,2018-10-17 15:04:05,14,300,2018-10-16,608670-18,,15,0
136,23.3,19.8,18.22,57,18,2018-10-18 13:29:08,2019-03-05 19:31:35,11,100,2018-10-18,969743,,15,8
137,8.83,7.51,0,76,28,2018-10-18 13:35:41,2018-10-18 13:35:41,10,900,2018-10-18,1819010058359,,15,0
170,26,22.1,0,23,5,2018-10-22 14:30:19,2018-10-22 14:33:07,1,280,2018-10-22,408735,,15,0
171,17.86,15.18,0,39,11,2018-10-23 13:29:35,2018-10-23 13:29:35,6,140,2018-10-23,220470,,15,0
172,27.14,23.07,0,40,11,2018-10-23 13:31:03,2018-10-23 13:31:03,6,140,2018-10-23,220470,,15,0
173,8.71,7.4,0,112,28,2018-10-23 16:03:31,2018-12-04 14:31:48,10,200,2018-10-23,1819010061261,,15,0
174,24.1,20.49,18.44,14,7,2018-10-26 12:57:11,2019-03-05 19:31:35,2,300,2018-10-26,320176,,15,10
175,32.5,27.63,24.86,15,7,2018-10-26 12:59:27,2019-03-05 19:31:35,2,300,2018-10-26,320176,,15,10
176,25,21.25,19.13,17,7,2018-10-30 12:29:29,2019-03-05 19:31:35,2,200,2018-10-30,321947,,15,10
177,22,18.7,18.14,34,9,2018-11-05 13:30:16,2019-03-05 19:31:35,2,490,2018-10-31,322160,,15,3
178,37,31.45,0,51,15,2018-11-05 13:32:29,2018-11-05 13:32:29,8,100,2018-10-26,20377,,15,0
179,38.25,32.51,0,52,15,2018-11-05 13:34:22,2018-11-05 13:34:22,8,200,2018-10-26,20377,,15,0
180,9.85,8.37,7.54,18,7,2018-11-05 13:36:43,2019-03-05 19:31:35,2,400,2018-11-05,324592,,15,10
181,10,8.5,7.65,41,12,2018-11-06 15:53:36,2019-03-05 19:31:35,5,600,2018-11-06,1385224,,15,10
182,8.93,7.59,0,74,6,2018-11-07 14:05:58,2018-11-07 14:05:58,1,300,2018-11-07,1360,,15,0
183,24.1,20.49,18.44,14,7,2018-11-07 14:08:23,2019-03-05 19:31:35,2,200,2018-11-07,326015,,15,10
184,32.5,27.63,24.86,15,7,2018-11-07 14:10:36,2019-03-05 19:31:35,2,200,2018-11-07,326015,,15,10
185,25,21.25,19.13,17,7,2018-11-07 14:13:51,2019-03-05 19:31:35,2,100,2018-11-07,326015,,15,10
186,15.8,13.43,12.09,19,7,2018-11-07 14:15:31,2019-03-05 19:31:35,2,400,2018-11-07,326015,,15,10
187,230,195.5,175.95,43,12,2018-11-07 14:50:10,2019-03-05 19:31:35,5,20,2018-11-07,1386189,,15,10
188,28.57,24.29,0,22,5,2018-11-08 14:12:33,2018-11-08 14:12:33,1,280,2018-11-08,422727,,15,0
189,20.42,17.35,0,25,5,2018-11-08 14:14:50,2018-11-08 14:14:50,1,200,2018-11-08,422727,,15,0
190,14.71,12.51,11.26,6,4,2018-11-09 14:32:39,2019-03-05 19:31:35,3,280,2018-11-09,36397,,15,10
191,37,31.45,0,51,15,2018-11-13 12:16:20,2018-11-13 12:16:20,8,300,2018-11-13,20465,,15,0
192,21.5,18.28,0,49,14,2018-11-13 14:15:20,2018-11-13 14:15:20,1,200,2018-11-13,427590,,15,0
193,23.33,19.83,0,69,25,2018-11-14 13:57:30,2018-11-14 13:57:30,5,300,2018-11-14,1391413,,15,0
194,13.85,11.77,0,62,21,2018-11-14 14:45:31,2018-11-14 14:45:31,14,200,2018-11-13,668002-18,,15,0
195,4,3.4,0,79,23,2018-11-14 14:47:28,2018-11-14 14:47:28,14,500,2018-11-13,667998-18,,15,0
196,60,51,0,113,27,2018-11-15 13:22:50,2018-11-15 13:22:50,5,50,2018-11-15,1392315,,15,0
197,17.86,15.18,0,39,11,2018-11-15 14:29:28,2018-11-15 14:29:28,6,280,2018-11-15,261622,,15,0
198,18.64,15.84,0,115,62,2018-11-15 15:06:52,2018-11-15 15:06:52,10,70,2018-11-15,1819010074960,,15,0
199,26.62,22.63,0,114,62,2018-11-15 15:08:47,2018-11-15 15:08:47,10,70,2018-11-15,1819010074960,,15,0
231,34.95,29.71,0,47,14,2018-11-19 14:47:27,2018-11-19 17:04:26,1,200,2018-11-19,432884,,15,0
232,25,21.25,19.13,147,16,2018-11-19 14:54:36,2019-03-05 19:31:35,9,330,2018-11-19,23053,,15,10
233,13.04,11.09,0,59,1,2018-11-19 14:57:17,2018-11-19 14:57:17,13,280,2018-11-19,1811127186,,15,0
234,31.37,26.67,0,148,95,2018-11-22 15:31:40,2018-11-22 15:31:40,12,200,2018-11-22,18/E6/048870,,15,0
235,65,55.25,53.59,36,9,2018-11-23 13:53:34,2019-03-05 19:31:35,2,50,2018-11-23,334156,,15,3
236,25.71,21.86,19.67,149,7,2018-11-23 13:59:28,2019-03-05 19:31:35,2,140,2018-11-23,334416,,15,10
237,24.1,20.49,18.44,14,7,2018-11-23 14:02:38,2019-03-05 19:31:35,2,300,2018-11-23,334416,,15,10
238,32.5,27.63,24.86,15,7,2018-11-23 14:06:48,2019-03-05 19:31:35,2,300,2018-11-23,334416,,15,10
239,25,21.25,19.13,17,7,2018-11-26 14:55:49,2019-03-05 19:31:35,2,150,2018-11-26,335585,,15,10
240,15.8,13.43,12.09,19,7,2018-11-26 14:57:28,2019-03-05 19:31:35,2,300,2018-11-26,335585,,15,10
241,12.73,10.82,0,58,19,2018-11-26 15:00:58,2018-11-26 15:08:57,12,300,2018-11-26,18/E6/049330,,15,0
242,175,148.75,133.88,8,18,2018-11-27 13:43:57,2019-03-05 19:31:35,4,40,2018-11-26,109758,,15,10
243,14.14,12.02,10.82,9,2,2018-11-27 13:49:51,2019-03-05 19:31:35,4,280,2018-11-26,109758,,15,10
244,20.71,17.61,0,13,5,2018-11-27 14:23:03,2018-11-27 14:23:03,1,140,2018-11-27,439318,,15,0
245,10.5,8.92,0,27,5,2018-11-27 14:24:55,2018-11-27 14:24:55,1,400,2018-11-27,439318,,15,0
246,79.8,67.83,61.05,7,4,2018-11-28 14:31:49,2019-03-05 19:31:35,3,100,2018-11-27,38532,,15,10
247,24.1,20.49,18.44,14,7,2018-11-29 12:54:08,2019-03-05 19:31:35,2,300,2018-11-29,337536,,15,10
248,25,21.25,19.13,17,7,2018-11-29 12:56:27,2019-03-05 19:31:35,2,150,2018-11-29,337536,,15,10
249,230,195.5,175.95,43,12,2018-11-29 13:50:01,2019-03-05 19:31:35,5,20,2018-11-29,1402558,,15,10
250,1400,1190,0,150,96,2018-11-30 12:31:15,2018-11-30 12:31:15,15,2,2018-11-26,4455,,15,0
251,6.5,5.53,4.97,44,13,2018-12-04 13:19:56,2019-03-05 19:31:35,9,70,2018-12-04,2061,,15,10
252,34.95,29.71,0,47,14,2018-12-04 13:56:17,2018-12-04 13:56:17,1,200,2018-12-04,445582,,15,0
253,20,17,0,77,14,2018-12-04 13:57:47,2018-12-04 13:57:47,1,150,2018-12-04,445582,,15,0
254,18,15.3,0,152,97,2018-12-04 16:00:26,2018-12-04 16:00:26,16,200,2018-12-03,8271,,15,0
255,10,8.5,0,151,97,2018-12-04 16:02:07,2018-12-04 16:02:07,16,100,2018-12-03,8271,,15,0
256,6.5,5.53,5.02,44,13,2018-12-06 12:29:44,2018-12-06 12:29:44,9,220,2018-12-05,23481,,15,0
257,32.5,27.63,24.86,15,7,2018-12-06 13:00:48,2019-03-05 19:31:35,2,300,2018-12-06,341537,,15,10
258,20,17,15.3,70,16,2018-12-12 12:54:02,2018-12-12 12:54:02,9,220,2018-12-10,23639,,15,0
259,65,55.25,53.59,36,9,2018-12-12 12:56:45,2019-03-05 19:31:35,2,50,2018-12-12,344448,,15,3
260,1.79,1.52,0,68,24,2018-12-12 13:38:44,2018-12-12 13:38:44,14,1000,2018-10-12,729287-18,,15,0
261,14.29,12.14,0,153,28,2018-12-13 13:20:19,2019-03-06 14:29:36,10,70,2018-12-13,1819010090758,,15,0
262,8.71,7.4,0,112,28,2018-12-13 13:22:10,2018-12-13 13:22:10,10,100,2018-12-13,1819010090758,,15,0
263,14.71,12.51,11.26,6,4,2018-12-13 14:05:06,2019-03-05 19:31:35,3,140,2018-12-13,40519,,15,10
264,19.64,16.7,0,75,10,2018-12-13 16:28:37,2018-12-13 16:28:37,6,140,2018-12-13,316249,,15,0
265,10,8.5,7.65,151,97,2018-12-17 14:04:38,2019-03-05 19:31:35,16,200,2018-12-17,8466,,15,10
266,11.86,10.08,0,154,98,2018-12-17 14:54:44,2018-12-17 14:54:44,17,100,2018-12-17,201801L0612073,,15,0
267,17.04,14.48,0,155,98,2018-12-17 14:56:18,2018-12-17 14:56:18,17,200,2018-12-17,201801L0612073,,15,0
268,34.95,29.71,0,47,14,2018-12-19 14:39:31,2018-12-19 14:39:31,1,200,2018-12-19,459021,,15,0
301,15.8,13.43,12.09,19,7,2018-12-26 14:46:09,2019-03-05 19:31:35,2,400,2018-12-26,351906,,15,10
302,21.39,18.18,0,80,29,2018-12-26 15:05:20,2018-12-26 15:05:20,14,300,2018-12-26,760524-18,,15,0
303,13.85,11.77,0,62,21,2018-12-26 15:07:34,2018-12-26 15:07:34,14,200,2018-12-26,760499-18,,15,0
304,17,14.45,0,29,6,2018-12-27 14:35:04,2018-12-27 14:36:45,1,84,2018-12-27,464968,,15,0
305,27.14,23.07,0,40,11,2018-12-27 15:58:33,2018-12-27 15:58:33,6,70,2018-12-28,316037,,15,0
306,37,31.45,0,51,15,2018-12-27 16:00:49,2018-12-27 16:00:49,8,100,2018-12-27,20734,,15,0
307,38.25,32.51,0,52,15,2018-12-27 16:02:19,2018-12-27 16:02:19,8,200,2018-12-27,20734,,15,0
308,49.68,42.22,0,156,19,2018-12-27 16:44:37,2018-12-27 16:44:37,12,100,2018-12-27,18/E6/056320,,15,0
309,12.73,10.82,0,58,19,2018-12-27 16:46:41,2018-12-27 16:46:41,12,300,2018-12-27,18/E6/056320,,15,0
310,22,18.7,18.14,34,9,2018-12-31 14:18:14,2019-03-05 19:31:35,2,420,2018-12-31,354315,,15,3
311,175,148.75,133.88,8,2,2018-12-31 16:12:36,2019-03-05 19:31:35,4,40,2018-12-31,139284,,15,10
312,20.98,17.83,0,25,5,2019-01-02 16:00:19,2019-01-02 16:00:19,1,50,2019-01-01,470084,,15,0
313,19,16.15,0,31,6,2019-01-02 16:08:58,2019-01-02 16:08:58,1,50,2019-01-01,470084,,15,0
314,7.2,6.12,0,61,21,2019-01-02 16:18:04,2019-01-02 16:18:04,14,300,2019-01-02,002562-19,,15,0
315,10,8.5,7.65,41,12,2019-01-02 16:28:07,2019-03-05 19:31:35,5,500,2019-01-01,1427239,,15,10
316,80,68,0,157,2,2019-01-02 16:50:47,2019-01-09 13:02:20,4,100,2019-01-02,142772,,15,0
317,21.5,18.28,0,49,14,2019-01-03 13:18:14,2019-01-03 13:18:14,1,100,2019-01-02,470084,,15,0
318,16.1,13.69,12.32,42,12,2019-01-03 14:24:46,2019-03-05 19:31:35,5,200,2019-01-02,1427239,,15,10
319,23.33,19.83,0,69,25,2019-01-03 14:27:57,2019-01-03 14:27:57,5,150,2019-01-03,1429502,,15,0
320,8.83,7.51,0,76,28,2019-01-03 14:37:51,2019-01-03 14:37:51,10,300,2019-01-03,1819010103560,,15,0
321,8.71,7.4,0,112,28,2019-01-03 14:39:44,2019-01-03 14:39:44,10,100,2019-01-03,1819010103560,,15,0
322,10,8.5,7.65,151,97,2019-01-03 16:32:12,2019-03-05 19:31:35,16,300,2019-01-03,8610,,15,10
355,23.3,19.81,18.21,57,18,2019-01-04 15:14:29,2019-03-05 19:31:35,11,60,2019-01-04,1040,,15,8
356,65,55.25,53.59,36,9,2019-01-07 13:58:07,2019-03-05 19:31:35,2,100,2019-01-07,358197,,15,3
357,24.1,20.49,18.44,14,7,2019-01-07 14:32:41,2019-03-05 19:31:35,2,300,2019-01-07,358849,,15,10
358,32.5,27.63,24.86,15,7,2019-01-07 14:34:35,2019-03-05 19:31:35,2,200,2019-01-07,358849,,15,10
359,25,21.25,19.13,17,7,2019-01-07 14:36:06,2019-03-05 19:31:35,2,100,2019-01-07,358849,,15,10
360,14.71,12.51,11.26,6,3,2019-01-08 12:52:51,2019-03-05 19:31:35,3,280,2019-01-08,43620,,15,10
361,80,68,0,157,2,2019-01-09 12:56:15,2019-01-09 12:56:15,4,100,2019-01-08,148012,,15,0
362,37,31.45,0,51,15,2019-01-09 12:57:50,2019-01-09 12:57:50,8,400,2019-01-09,20809,,15,0
363,38.25,32.51,0,52,15,2019-01-09 12:59:12,2019-01-09 14:11:25,8,200,2019-01-09,20809,,15,0
364,10.5,8.92,0,27,5,2019-01-10 12:27:30,2019-01-10 12:27:30,1,600,2019-01-09,477156,,15,0
365,3.81,3.24,0,63,21,2019-01-10 12:42:51,2019-01-10 12:42:51,14,300,2019-01-10,015791-19,,15,0
366,13.85,11.77,0,62,21,2019-01-10 12:44:38,2019-01-15 13:51:51,14,200,2019-01-10,015791-19,,15,0
367,150,127.5,115.91,54,16,2019-01-11 13:00:54,2019-01-11 13:00:54,9,33,2019-01-11,24110,,15,0
368,24.1,20.49,18.44,14,7,2019-01-11 13:22:33,2019-03-05 19:31:35,2,400,2019-01-11,361032,,15,10
369,25.71,21.86,19.67,149,7,2019-01-11 13:29:15,2019-03-05 19:31:35,2,140,2019-01-11,361032,,15,10
370,19.75,16.79,0,158,99,2019-01-11 15:28:49,2019-01-11 15:28:49,18,300,2019-01-11,199,,15,0
371,31.37,26.67,0,148,95,2019-01-11 15:54:17,2019-01-11 15:54:17,12,200,2019-01-11,19/E6/001210,,15,0
372,23,19.55,0,159,11,2019-01-15 13:15:49,2019-01-15 13:15:49,6,140,2019-01-15,378528,,15,0
373,37,31.45,0,51,15,2019-01-15 13:23:49,2019-01-15 13:23:49,8,400,2019-01-15,20838,,15,0
374,9.75,8.29,0,112,28,2019-01-15 16:01:10,2019-01-15 16:01:10,10,200,2019-01-15,1819010110023,,15,0
375,25,21.25,19.13,17,7,2019-01-15 16:11:08,2019-03-05 19:31:35,2,200,2019-01-15,362996,,15,10
376,15.8,13.43,12.09,19,7,2019-01-15 16:14:10,2019-03-05 19:31:35,2,300,2019-01-15,362996,,15,10
377,23.33,19.83,0,69,25,2019-01-16 13:52:01,2019-01-16 13:52:01,5,150,2019-01-16,1439724,,15,0
378,21,17.85,0,24,5,2019-01-16 14:43:08,2019-01-16 14:43:08,1,280,2019-01-16,482997,,15,0
379,20.98,17.83,0,25,5,2019-01-16 14:44:56,2019-01-16 14:44:56,1,100,2019-01-16,482997,,15,0
380,8.83,7.51,0,76,28,2019-01-16 14:48:28,2019-01-16 14:48:28,10,600,2019-01-16,1819010111190,,15,0
381,27.67,23.52,0,114,62,2019-01-16 14:58:29,2019-01-16 14:58:29,10,140,2019-01-16,1819010111190,,15,0
382,175,148.75,133.88,8,2,2019-01-16 15:54:58,2019-03-05 19:31:35,4,40,2019-01-16,155408,,15,10
383,10,8.5,7.65,41,12,2019-01-17 14:22:39,2019-03-05 19:31:35,5,600,2019-01-17,1440493,,15,10
384,33.83,28.76,0,37,10,2019-01-17 15:00:27,2019-01-17 15:00:27,6,120,2019-01-17,383985,,15,0
385,49.68,42.22,0,156,19,2019-01-18 15:18:08,2019-01-18 15:18:08,12,100,2019-01-17,19/E6/003130,,15,0
386,10,8.5,7.65,151,97,2019-01-22 13:48:40,2019-03-05 19:31:35,16,400,2019-01-21,8793,,15,10
387,38.25,32.51,0,52,15,2019-01-22 13:50:17,2019-01-22 13:50:17,8,200,2019-01-21,20876,,15,0
388,20,17,0,77,14,2019-01-22 13:51:57,2019-01-22 13:51:57,1,150,2019-01-21,487383,,15,0
389,80,68,0,157,2,2019-01-22 14:43:39,2019-01-22 14:43:39,4,100,2019-01-22,160035,,15,0
390,16,13.6,0,28,6,2019-01-23 14:31:58,2019-01-23 14:31:58,1,140,2019-01-23,489549,,15,0
391,15,12.75,0,32,6,2019-01-23 15:48:57,2019-01-23 15:48:57,1,84,2018-12-27,464968,,15,0
392,23.3,19.8,17.82,57,18,2019-01-23 15:52:27,2019-03-05 19:31:35,11,100,2019-01-23,6387,,15,10
393,65,55.25,53.59,36,9,2019-01-23 15:54:27,2019-03-05 19:31:36,2,100,2019-01-23,367297,,15,3
394,24.1,20.49,18.44,14,7,2019-01-23 15:56:42,2019-03-05 19:31:36,2,300,2019-01-23,367891,,15,10
395,32.5,27.63,24.86,15,7,2019-01-23 15:59:10,2019-03-05 19:31:36,2,400,2019-01-23,367891,,15,10
396,27.14,23.07,0,40,11,2019-01-24 16:04:32,2019-01-24 16:04:32,6,70,2019-01-24,398698,,15,0
397,20,17,15.45,70,16,2019-01-24 16:08:50,2019-03-05 19:31:36,9,200,2019-01-24,24845,,15,10
398,2.7,2.3,2.25,160,100,2019-01-25 14:40:12,2019-03-05 19:31:36,1,500,2019-01-25,491714,,15,2
399,49.68,42.22,0,156,19,2019-01-25 14:43:19,2019-01-25 14:43:19,12,100,2019-01-25,19/E9/001390,,15,0
400,38.25,32.52,0,52,15,2019-01-28 14:34:00,2019-01-28 14:34:00,8,200,2019-01-28,20907,,15,0
401,23.33,19.83,0,69,25,2019-01-28 14:35:58,2019-01-28 14:35:58,5,300,2019-01-28,1448660,,15,0
402,21.5,18.28,0,49,14,2019-01-28 15:40:42,2019-01-28 15:40:42,1,50,2019-01-28,492707,,15,0
403,15.8,13.43,12.09,19,7,2019-01-29 13:40:53,2019-03-05 19:31:36,2,200,2019-01-29,370650,,15,10
404,9.85,8.37,7.54,18,7,2019-01-29 13:42:34,2019-03-05 19:31:36,2,300,2019-01-29,370650,,15,10
405,17.04,14.48,0,155,98,2019-01-29 14:32:21,2019-01-29 14:32:21,17,200,2019-01-29,201901L0047743,,15,0
406,13.04,11.09,9.98,59,1,2019-01-29 14:47:49,2019-03-05 19:31:36,13,140,2019-01-29,3741911013882,,15,10
407,21.39,18.18,0,80,29,2019-01-30 13:05:39,2019-01-30 13:05:39,14,300,2019-01-30,076338-19,,15,0
408,7.2,6.12,0,61,21,2019-01-30 13:08:38,2019-01-30 13:08:38,14,400,2019-01-30,072884-19,,15,0
409,13.85,11.77,0,62,21,2019-01-30 13:10:10,2019-01-30 13:10:10,14,200,2019-01-30,072884-19,,15,0
410,170,144.5,130.05,161,16,2019-01-31 13:06:33,2019-03-05 19:31:36,9,33,2019-01-31,24914,,15,10
411,22,18.7,18.14,34,9,2019-01-31 14:49:27,2019-03-05 19:31:36,2,280,2019-01-31,371687,,15,3
412,80,68,0,157,2,2019-01-31 14:51:06,2019-01-31 14:51:06,4,100,2019-01-31,168284,,15,0
413,24.1,20.49,18.44,14,7,2019-02-04 14:15:26,2019-03-05 19:31:36,2,400,2019-02-04,373563,,15,10
414,32.5,27.63,24.86,15,7,2019-02-04 14:17:02,2019-03-05 19:31:36,2,300,2019-02-04,373563,,15,10
415,14.71,12.51,11.26,6,4,2019-02-06 15:13:34,2019-03-05 19:31:36,3,280,2019-02-06,47027,,15,10
416,21.5,18.28,0,49,14,2019-02-06 15:22:26,2019-02-06 15:22:26,1,100,2019-02-06,501084,,15,0
417,25.71,21.86,19.67,149,7,2019-02-06 15:25:27,2019-03-05 19:31:36,2,210,2019-02-06,374956,,15,10
418,23,19.55,0,159,11,2019-02-07 16:14:55,2019-02-07 16:14:55,6,140,2019-02-07,425400,,15,0
419,4.44,3.77,0,72,27,2019-02-08 13:17:18,2019-02-08 13:17:18,5,500,2019-02-08,1458825,,15,0
420,9.75,8.29,0,112,28,2019-02-08 13:30:21,2019-02-08 13:30:21,10,200,2019-02-08,1819010124200,,15,0
421,14,11.9,0,162,17,2019-02-08 13:53:52,2019-02-08 13:53:52,10,90,2019-02-08,1819010124200,,15,0
422,10,8.5,7.65,151,97,2019-02-11 14:04:09,2019-03-05 19:31:36,16,300,2019-02-11,8991,,15,10
423,32.6,27.71,0,148,95,2019-02-11 15:37:29,2019-02-11 15:37:29,12,200,2019-02-11,19/E9/005970,,15,0
424,22.93,19.49,0,71,26,2019-02-11 15:46:35,2019-02-11 15:46:35,12,280,2019-02-11,19/E9/005970,,15,0
425,49.68,42.22,39.58,156,19,2019-02-11 16:02:28,2019-03-05 19:31:36,12,160,2019-02-11,19/E9/005970,,15,7
426,25,21.25,19.13,147,16,2019-02-11 16:42:36,2019-03-05 19:31:36,9,330,2019-02-11,25247,,15,10
427,32.5,27.63,24.86,15,7,2019-02-12 16:25:22,2019-03-05 19:31:36,2,200,2019-02-12,378634,,15,10
428,25,21.25,19.13,17,7,2019-02-12 18:23:13,2019-03-05 19:31:36,2,150,2019-02-12,378634,,15,10
429,15.8,13.43,12.09,19,7,2019-02-12 18:24:54,2019-03-05 19:31:36,2,400,2019-02-12,378634,,15,10
430,24.1,20.49,18.44,14,7,2019-02-13 12:32:52,2019-03-05 19:31:36,2,400,2019-02-13,378820,,15,10
431,4,3.4,0,163,23,2019-02-13 12:55:11,2019-02-13 12:55:11,14,600,2019-02-13,117162-19,,15,0
432,37,31.45,0,51,15,2019-02-13 12:57:26,2019-02-13 12:57:26,8,200,2019-02-13,21004,,15,0
433,19.37,16.46,0,115,62,2019-02-13 14:05:08,2019-02-13 14:05:08,10,80,2019-02-13,1819010127579,,15,0
434,28.57,24.29,0,22,5,2019-02-13 14:27:13,2019-02-13 14:27:13,1,140,2019-02-13,508527,,15,0
435,19.75,16.79,15.11,158,99,2019-02-14 13:29:31,2019-03-05 19:31:36,18,400,2019-02-14,123,,15,10
436,23.33,19.83,0,69,25,2019-02-14 13:42:45,2019-02-14 13:42:45,5,150,2019-02-14,1464033,,15,0
469,38.25,32.51,0,52,15,2019-02-18 12:39:24,2019-02-18 12:39:24,8,300,2019-02-18,21036,,15,0
470,65,55.25,53.59,36,9,2019-02-19 12:26:26,2019-03-05 19:31:36,2,50,2019-02-19,381852,,15,3
471,16.05,13.64,12.28,6,3,2019-02-19 13:19:17,2019-03-05 19:31:36,3,280,2019-02-19,48606,,15,10
472,11,9.35,0,33,6,2019-02-19 13:38:07,2019-02-19 13:38:07,1,140,2019-02-19,512730,,15,0
473,79.8,67.83,61.05,7,3,2019-02-19 13:40:47,2019-03-05 19:31:36,3,50,2019-02-19,48606,,15,10
474,8.83,7.51,0,76,28,2019-02-19 19:42:35,2019-02-19 19:42:35,10,450,2019-02-19,1819010130464,,15,0
475,14,11.9,0,162,17,2019-02-19 19:46:08,2019-02-19 19:46:08,10,150,2019-02-19,1819010130464,,15,0
476,20,17,0,164,1,2019-02-20 14:28:42,2019-02-20 14:28:42,13,140,2019-02-20,3741911024088,,15,0
477,21.39,18.18,0,80,29,2019-02-20 14:33:01,2019-02-20 14:33:01,14,150,2019-02-20,135183-19,,15,0
478,20.98,17.83,0,25,5,2019-02-20 16:03:09,2019-02-20 16:03:09,1,100,2019-02-20,514782,,15,0
479,17.86,15.18,0,39,11,2019-02-20 16:05:35,2019-02-20 16:05:35,6,70,2019-02-20,450747,,15,0
480,80,68,0,157,2,2019-02-21 14:25:07,2019-02-21 14:25:07,4,100,2019-02-21,185944,,15,0
481,17.86,15.18,0,39,11,2019-02-21 15:19:45,2019-02-25 13:20:50,6,70,2019-02-21,452540,,15,0
482,9.6,8.16,0,165,26,2019-02-21 15:49:04,2019-02-21 15:49:04,12,200,2019-02-21,19/E9/008060,,15,0
483,12.73,10.82,0,58,19,2019-02-21 15:51:41,2019-02-21 15:51:41,12,300,2019-02-21,19/E9/008060,,15,0
484,14.29,12.14,0,153,28,2019-02-22 14:29:32,2019-03-06 14:27:37,10,140,2019-02-22,1819010133035,,15,0
485,20.98,17.83,0,25,5,2019-02-26 14:14:11,2019-02-26 14:14:11,1,100,2019-02-26,520120,,15,0
486,24.1,20.49,18.44,14,7,2019-02-27 13:11:00,2019-03-05 19:31:36,2,200,2019-02-27,386914,,15,10
487,32.5,27.63,24.86,15,7,2019-02-27 13:13:30,2019-03-05 19:31:36,2,200,2019-02-27,386914,,15,10
488,15.8,13.43,12.09,19,7,2019-02-27 14:56:34,2019-03-05 19:31:36,2,200,2019-02-27,386914,,15,10
489,23,19.55,0,159,11,2019-02-27 15:23:47,2019-02-27 15:23:47,6,140,2019-02-27,463755,,15,0
490,31.21,26.53,0,40,11,2019-02-27 15:38:29,2019-02-27 15:38:29,6,140,2019-02-27,463755,,15,0
491,3.81,3.24,0,63,21,2019-02-27 15:41:40,2019-02-27 15:41:40,14,300,2019-02-27,153666-19,,15,0
492,13.85,11.77,0,62,21,2019-02-27 15:44:44,2019-02-27 15:44:44,14,200,2019-02-27,153666-19,,15,0
493,37,31.45,0,51,15,2019-02-28 13:07:57,2019-02-28 13:07:57,8,200,2019-02-28,21100,,15,0
494,13.04,11.09,9.98,59,1,2019-03-01 14:54:57,2019-03-05 19:31:36,13,70,2019-03-01,3741911028311,,15,10
495,65,55.25,53.59,36,9,2019-03-04 15:56:05,2019-03-05 19:31:36,2,100,2019-03-04,387669,,15,3
496,37,31.45,0,51,15,2019-03-05 14:30:51,2019-03-05 14:30:51,8,100,2019-03-05,21122,,15,0
497,38.25,32.51,0,52,15,2019-03-05 14:43:47,2019-03-05 14:43:47,8,200,2019-03-05,21122,,15,0
498,16.05,13.64,12.28,6,4,2019-03-05 14:48:14,2019-03-05 19:31:36,3,420,2019-03-05,50375,,15,10
499,79.8,67.83,61.05,7,4,2019-03-05 15:43:01,2019-03-05 19:31:36,3,50,2019-03-05,50375,,15,10
500,23.33,19.83,0,69,25,2019-03-05 15:46:22,2019-03-05 15:46:22,5,150,2019-03-05,1480070,,15,0
501,80,68,0,157,2,2019-03-05 15:48:24,2019-03-05 15:48:24,4,100,2019-03-05,195601,,15,0
502,19.37,16.46,0,115,62,2019-03-05 15:51:45,2019-03-05 15:51:45,10,70,2019-03-05,1819010138575,,15,0
503,27.67,23.52,0,114,62,2019-03-05 15:58:21,2019-03-05 15:58:21,10,70,2019-03-05,1819010138575,,15,0
504,24.1,20.49,18.44,14,7,2019-03-06 14:19:53,2019-03-06 14:19:53,2,400,2019-03-06,390540,,15,10
505,5.1,4.29,0,72,27,2019-03-07 15:30:56,2019-03-07 15:30:56,5,500,2019-03-07,1481813,,15,0
506,9.27,7.88,0,76,28,2019-03-07 16:33:37,2019-03-07 16:33:37,10,300,2019-03-07,1819010140632,,15,0
507,32.6,27.71,0,148,95,2019-03-07 16:36:42,2019-03-07 16:36:42,12,100,2019-03-07,19/E9/011620,,15,0
508,14.6,12.41,0,166,95,2019-03-07 16:51:45,2019-03-07 16:51:45,12,100,2019-03-07,19/E9/011620,,15,0
509,23.33,19.83,0,69,25,2019-03-08 14:48:56,2019-03-08 14:48:56,5,150,2019-03-08,1482905,,15,0
510,37,31.45,0,51,15,2019-03-08 16:06:06,2019-03-11 13:01:15,8,400,2019-03-09,21165,,15,0
511,38.25,32.51,0,52,15,2019-03-08 16:11:27,2019-03-11 12:59:25,8,100,2019-03-09,21165,,15,0
512,10,8.5,7.65,151,97,2019-03-11 14:00:56,2019-03-11 14:00:56,16,300,2019-03-11,9387,,15,10
513,170,144.5,131.36,161,16,2019-03-11 15:06:34,2019-03-11 15:06:34,9,33,2019-03-11,26135,,15,9.09
514,8.93,7.59,0,74,6,2019-03-11 15:15:50,2019-03-11 15:15:50,1,300,2019-03-11,531481,,15,0
515,32.5,27.63,24.86,15,7,2019-03-12 14:39:27,2019-03-12 14:39:27,2,300,2019-03-12,394207,,15,10
516,25,21.25,19.13,17,7,2019-03-12 15:13:56,2019-03-12 15:13:56,2,150,2019-03-12,394207,,15,10
517,15.8,13.43,12.09,19,7,2019-03-12 15:23:27,2019-03-12 15:23:27,2,200,2019-03-12,394207,,15,10
518,28.57,24.29,0,22,5,2019-03-12 15:37:47,2019-03-12 15:37:47,1,140,2019-03-12,532490,,15,0
519,2.7,2.3,2.25,160,100,2019-03-12 15:43:55,2019-03-12 15:43:55,1,500,2019-03-12,532490,,15,2
520,21.5,18.28,0,49,14,2019-03-12 16:02:23,2019-03-12 16:02:23,1,50,2019-03-12,532490,,15,0
521,27.67,23.52,0,114,62,2019-03-13 15:09:36,2019-03-13 15:09:36,10,140,2019-03-13,1819010143890,,15,0
522,31.21,26.53,0,40,11,2019-03-14 15:48:46,2019-03-14 15:48:46,6,70,2019-03-14,490571,,15,0
523,38.25,32.51,0,52,15,2019-03-18 16:03:09,2019-03-18 16:03:09,8,200,2019-03-18,21213,,15,0
524,60,51,0,113,27,2019-03-18 16:31:20,2019-03-18 16:31:20,5,25,2019-03-18,1489407,,15,0
525,23.33,19.83,0,69,25,2019-03-18 16:33:10,2019-03-18 16:33:10,5,150,2019-03-18,1489407,,15,0
526,23.33,19.83,0,69,25,2019-03-18 16:36:44,2019-03-18 16:36:44,5,150,2019-03-19,1490420,,15,0
527,32.14,27.32,0,167,25,2019-03-18 16:44:19,2019-03-18 16:44:19,5,140,2019-03-18,1490420,,15,0
528,16.5,14.03,0,168,25,2019-03-18 16:45:58,2019-03-18 16:45:58,5,300,2019-03-18,1490420,,15,0
529,9.85,8.37,7.54,18,7,2019-03-19 14:22:50,2019-03-19 14:22:50,2,400,2019-03-19,398224,,15,10
530,10.5,8.92,0,27,5,2019-03-19 14:27:17,2019-03-19 14:27:17,1,400,2019-03-19,539005,,15,0
531,17,14.45,0,29,6,2019-03-19 14:43:46,2019-03-19 14:43:46,1,84,2019-03-19,539005,,15,0
532,21.5,18.28,0,49,14,2019-03-19 14:45:50,2019-03-19 14:45:50,1,50,2019-03-19,539005,,15,0
533,80,68,0,157,2,2019-03-19 16:13:40,2019-03-19 16:13:40,4,100,2019-03-19,206998,,15,0
534,4,3.4,0,163,23,2019-03-20 14:08:40,2019-03-20 14:08:40,14,300,2019-03-20,206202-19,,15,0
535,1.79,1.52,0,68,24,2019-03-20 14:11:08,2019-03-20 14:11:08,14,500,2019-03-20,206375-19,,15,0
536,4.72,4,0,63,21,2019-03-20 14:13:30,2019-03-20 14:13:30,14,300,2019-03-20,206395-19,,15,0
537,38.25,32.51,0,52,15,2019-03-20 14:54:42,2019-03-20 14:54:42,8,200,2019-03-20,21227,,15,0
538,13.64,11.6,0,154,98,2019-03-20 15:11:15,2019-03-20 15:11:15,17,100,2019-03-20,1819-01015760,,15,0
539,17.04,14.48,0,155,98,2019-03-20 15:13:12,2019-03-20 15:13:12,17,300,2019-03-20,1819-01015760,,15,0
540,24.1,20.49,18.44,14,7,2019-03-20 15:15:27,2019-03-20 15:15:27,2,300,2019-03-20,398518,,15,10
541,32.5,27.63,24.86,15,7,2019-03-20 15:22:47,2019-03-20 15:22:47,2,200,2019-03-20,398518,,15,10
542,15.8,13.43,12.09,19,7,2019-03-20 15:25:14,2019-03-20 15:25:14,2,200,2019-03-20,398518,,15,10
543,19.37,16.46,0,115,62,2019-03-20 16:38:26,2019-03-20 16:38:26,10,140,2019-03-20,1819010148255,,15,0
544,9.27,7.88,0,76,28,2019-03-20 16:42:03,2019-03-20 16:42:03,10,600,2019-03-20,1819010148255,,15,0
545,9.8,8.29,0,112,28,2019-03-20 16:45:54,2019-03-20 16:45:54,10,200,2019-03-20,1819010148255,,15,0
546,60,51,0,113,27,2019-03-21 14:15:57,2019-03-21 14:15:57,5,50,2019-03-21,1493430,,15,0
547,20,17,0,164,1,2019-03-21 15:04:45,2019-03-21 15:04:45,13,140,2019-03-21,3741911038929,,15,10
548,22.93,19.49,0,71,26,2019-03-21 16:27:03,2019-03-21 16:27:03,12,140,2019-03-21,19/E9/014530,,15,0
549,61.09,51.93,49.33,156,19,2019-03-21 16:30:32,2019-03-21 16:30:32,12,150,2019-03-21,19/E9/014530,,15,5
550,16.05,13.64,12.28,6,3,2019-03-22 12:36:33,2019-03-22 12:36:33,3,280,2019-03-22,52739,,15,10
551,79.8,67.83,61.05,7,3,2019-03-22 12:43:21,2019-03-22 12:43:21,3,50,2019-03-22,52739,,15,10
552,170,144.5,131.36,161,16,2019-03-22 16:50:34,2019-03-22 16:50:34,9,22,2019-03-22,26565,,15,10
553,32.14,27.32,0,167,25,2019-03-25 13:45:35,2019-03-25 13:45:35,5,140,2019-03-25,1496390,,15,0
554,32.6,27.71,0,148,95,2019-03-25 14:39:03,2019-03-25 14:39:03,12,150,2019-03-25,19/E9/015020,,15,0
555,19.75,16.79,12.59,158,99,2019-03-25 16:07:55,2019-03-25 16:07:55,18,400,2019-03-25,129,,15,25
556,9.85,8.37,7.54,18,7,2019-03-26 14:01:26,2019-03-26 14:01:26,2,500,2019-03-26,402002,,15,10
557,20.98,17.83,0,25,5,2019-03-26 15:13:52,2019-03-26 15:13:52,1,100,2019-03-26,545678,,15,0
558,21.5,18.28,0,49,14,2019-03-26 15:15:44,2019-03-26 15:15:44,1,100,2019-03-26,545686,,15,0
559,38.25,32.51,0,52,15,2019-03-27 13:27:38,2019-03-27 13:27:38,17,200,2019-03-27,21275,,15,0
560,37,31.45,0,51,15,2019-03-27 13:29:00,2019-03-27 13:29:00,8,400,2019-03-27,21274,,15,0
561,32.5,27.63,24.86,15,7,2019-03-27 13:32:41,2019-03-27 13:32:41,2,200,2019-03-27,402492,,15,10
562,15.8,13.43,12.09,19,7,2019-03-27 13:58:35,2019-03-27 13:58:35,2,200,2019-03-27,402492,,15,10
563,12.72,10.81,10.81,58,19,2019-03-29 12:59:31,2019-03-29 12:59:31,12,300,2019-03-28,19/E9/015660,,15,0
564,24.1,20.49,18.44,14,7,2019-04-01 13:15:49,2019-04-01 13:15:49,2,300,2019-03-29,403447,,15,10
565,23,19.55,19.55,159,11,2019-04-01 13:18:11,2019-04-01 13:18:11,6,140,2019-03-29,515476,,15,0
566,23.33,19.83,19.83,69,25,2019-04-01 15:04:19,2019-04-01 15:04:19,5,150,2019-04-01,1502606,,15,0
567,60,51,51,113,27,2019-04-01 15:06:26,2019-04-01 15:06:26,5,50,2019-04-01,1502370,,15,0
568,36,30.6,30.6,55,17,2019-04-02 13:57:02,2019-04-02 13:57:02,10,140,2019-04-02,1819010155543,,15,0
569,10,8.5,7.65,41,12,2019-04-02 15:11:50,2019-04-02 15:11:50,5,200,2019-04-02,1503727,,15,10
570,15.8,13.43,12.09,19,7,2019-04-03 13:56:19,2019-04-03 13:56:19,2,300,2019-04-03,406177,,15,10
571,16.05,13.64,12.28,6,3,2019-04-03 13:59:31,2019-04-03 13:59:31,3,280,2019-04-03,54259,,15,10
572,4,3.4,3.4,163,23,2019-04-03 14:01:59,2019-04-03 14:01:59,14,900,2019-04-03,243153-19,,15,0
573,7.2,6.12,6.12,61,21,2019-04-03 14:04:17,2019-04-03 14:04:17,14,200,2019-04-03,243160-19,,15,0
574,13.85,11.77,11.77,62,21,2019-04-03 14:05:50,2019-04-03 14:05:50,14,200,2019-04-03,243160-19,,15,0
575,38.25,32.51,32.51,52,15,2019-04-04 14:39:11,2019-04-04 14:39:11,17,200,2019-04-04,21325,,15,0
576,10,8.5,7.65,151,97,2019-04-04 14:41:11,2019-04-04 14:41:11,16,400,2019-04-04,9698,,15,10
577,9.6,8.16,8.16,165,26,2019-04-04 15:11:54,2019-04-04 15:11:54,12,200,2019-04-04,19/E9/017780,,15,0
578,22.93,19.49,19.49,71,26,2019-04-04 15:13:47,2019-04-04 15:13:47,12,210,2019-04-04,19/E9/017780,,15,0
579,20.98,17.83,17.83,25,5,2019-04-05 14:42:28,2019-04-05 14:42:28,1,100,2019-04-05,555630,,15,0
580,14.29,12.14,12.14,153,28,2019-04-05 15:28:19,2019-04-24 16:51:18,10,280,2019-04-05,1819010158478,,15,0
581,13.04,11.09,9.98,59,1,2019-04-05 15:42:23,2019-04-05 15:42:23,13,210,2019-04-05,3741911046174,,15,10
582,10,8.5,8.5,170,101,2019-04-05 15:54:47,2019-04-05 15:54:47,19,600,2019-04-05,57364,,15,0
583,35,29.75,29.75,171,101,2019-04-08 13:34:11,2019-04-08 13:34:11,19,150,2019-04-08,57500,,15,0
584,32.5,27.63,24.86,15,7,2019-04-08 13:42:20,2019-04-08 13:42:20,2,300,2019-04-08,408634,,15,10
585,25,21.25,19.13,17,7,2019-04-08 13:43:46,2019-04-08 13:43:46,2,150,2019-04-08,408634,,15,10
586,25.2,21.42,21.42,69,25,2019-04-08 14:01:12,2019-04-08 14:01:12,5,150,2019-04-08,1508713,,15,0
587,24.1,20.49,18.44,14,7,2019-04-09 13:52:57,2019-04-09 13:52:57,2,400,2019-04-09,409394,,15,10
588,35,29.75,29.75,171,101,2019-04-10 12:32:54,2019-04-10 12:32:54,19,150,2019-04-10,57765,,15,0
589,3.28,2.79,2.79,79,23,2019-04-10 16:32:12,2019-04-10 16:32:12,14,50,2019-04-10,262724-19,,15,0
590,20,17,17,77,14,2019-04-11 13:42:49,2019-04-11 13:42:49,1,150,2019-04-11,560992,,15,0
591,15.8,13.43,12.08,19,7,2019-04-11 14:29:16,2019-04-11 14:29:16,2,300,2019-04-11,410987,,15,0
592,5.1,4.29,4.29,72,27,2019-04-15 13:44:09,2019-04-15 13:44:09,5,500,2019-04-12,1512403,,15,0
593,10,8.5,7.65,151,97,2019-04-15 13:47:36,2019-04-15 13:47:36,16,300,2019-04-15,9838,,15,10
594,25.2,21.42,21.42,69,25,2019-04-15 19:56:11,2019-04-15 19:56:11,5,150,2019-04-15,1514443,,15,0
595,9.27,7.88,7.88,76,28,2019-04-15 19:58:32,2019-04-15 19:58:32,10,900,2019-04-15,1819010163757,,15,0
596,17.86,15.18,15.18,39,11,2019-04-15 20:01:15,2019-04-15 20:01:15,6,139,2019-04-15,548049,,15,0
597,35,29.75,29.75,171,101,2019-04-16 13:09:46,2019-04-16 13:09:46,19,150,2019-04-16,58363,,15,0
598,170,144.5,131.36,161,16,2019-04-16 15:54:46,2019-04-16 15:54:46,9,22,2019-04-16,27051,,15,10
599,25,21.25,19.13,17,7,2019-04-16 15:56:47,2019-04-16 15:56:47,2,200,2019-04-16,413871,,15,10
600,20.98,17.83,17.83,25,5,2019-04-16 15:58:55,2019-04-16 15:58:55,1,100,2019-04-16,565330,,15,0
601,15,12.75,12.75,32,6,2019-04-16 16:01:20,2019-04-16 16:01:20,1,140,2019-04-16,565330,,15,0
602,20,17,15.3,164,1,2019-04-16 16:04:18,2019-04-16 16:04:18,13,140,2019-04-16,3741911051618,,15,10
603,37,31.45,31.45,51,15,2019-04-17 13:28:40,2019-04-17 13:28:40,8,300,2019-04-17,21419,,15,0
604,11.39,9.68,9.68,172,102,2019-04-17 14:09:50,2019-04-17 14:09:50,14,200,2019-04-17,281008-19,,15,0
605,5.52,4.69,4.69,173,23,2019-04-17 14:11:51,2019-04-17 14:11:51,14,1000,2019-04-17,281008-19,,15,0
606,4.72,4,4,63,21,2019-04-17 14:27:39,2019-04-17 14:27:39,14,300,2019-04-17,280898-19,,15,0
607,7.2,6.12,6.12,61,21,2019-04-17 14:42:41,2019-04-17 14:42:41,14,200,2019-04-17,280898-19,,15,0
608,16.05,13.64,12.28,6,3,2019-04-17 14:45:02,2019-04-17 14:45:02,3,140,2019-04-17,56084,,15,10
609,79.8,67.83,61.05,7,4,2019-04-17 14:48:15,2019-04-17 14:48:15,3,50,2019-04-17,56084,,15,10
610,18,15.3,13.77,152,97,2019-04-17 14:50:44,2019-04-17 14:50:44,16,200,2019-04-17,9908,,15,10
611,9.85,8.37,7.54,18,7,2019-04-17 15:06:12,2019-04-17 15:06:12,2,400,2019-04-17,414330,,15,10
612,25.2,21.42,21.42,69,25,2019-04-22 12:52:25,2019-04-22 12:53:09,5,150,2019-04-19,1518386,,15,0
613,24.1,20.49,18.44,14,7,2019-04-22 14:09:03,2019-04-22 14:09:03,2,200,2019-04-22,416668,,15,10
614,36,30.6,27.54,15,7,2019-04-22 14:14:14,2019-04-25 15:46:51,2,300,2019-04-22,416668,,15,10
615,15.8,13.43,12.09,19,7,2019-04-22 14:16:35,2019-04-22 14:16:35,2,200,2019-04-22,416668,,15,10
616,23.52,20,20,80,29,2019-04-23 14:30:17,2019-04-23 14:30:17,20,300,2019-04-23,19304,,15,0
617,37,31.45,31.45,51,15,2019-04-23 14:32:31,2019-04-23 14:32:31,8,200,2019-04-23,21446,,15,0
618,38.25,32.51,32.51,52,15,2019-04-23 14:34:01,2019-04-23 14:34:01,8,200,2019-04-23,21446,,15,0
619,10,8.5,7.65,151,97,2019-04-24 13:15:02,2019-04-24 13:15:02,16,300,2019-04-24,10020,,15,10
620,8.93,7.59,7.59,74,6,2019-04-24 13:37:43,2019-04-24 13:37:43,1,300,2019-04-24,572953,,15,0
621,25,21.25,19.13,17,7,2019-04-24 14:07:03,2019-04-24 14:07:03,2,200,2019-04-24,418348,,15,10
622,25.2,21.42,21.42,69,25,2019-04-24 14:09:43,2019-04-24 14:09:43,5,150,2019-04-24,1522788,,15,0
623,32.14,27.32,27.32,167,25,2019-04-24 14:11:16,2019-04-24 14:11:16,5,140,2019-04-24,1522788,,15,0
624,170,144.5,131.36,161,16,2019-04-24 16:52:43,2019-04-24 16:52:43,9,33,2019-04-24,27483,,15,10
625,9.75,8.29,8.29,112,28,2019-04-24 16:54:50,2019-04-24 16:54:50,10,300,2019-04-24,1819010169446,,15,0
626,20.98,17.83,17.83,25,5,2019-04-25 16:11:05,2019-04-25 16:11:05,1,150,2019-04-25,574044,,15,0
627,21.5,18.28,18.28,49,14,2019-04-25 16:13:01,2019-04-25 16:13:01,1,50,2019-04-25,574044,,15,0
628,17.86,15.18,15.18,39,11,2019-04-25 16:15:29,2019-04-25 16:15:29,6,210,2019-04-25,567559,,15,0
629,1.44,1.22,1.22,174,103,2019-04-26 14:37:04,2019-04-26 14:37:04,6,300,2019-04-26,569082,,15,0
630,35,29.75,29.75,171,101,2019-04-29 13:35:50,2019-04-29 13:35:50,19,150,2019-04-29,59483,,15,0
631,5.8,4.93,4.93,175,104,2019-04-29 15:51:38,2019-04-29 15:51:38,17,100,2019-04-29,201901L0165650,,15,0
632,19.6,16.66,16.66,155,1,2019-04-29 15:55:13,2019-04-29 15:55:13,17,200,2019-04-29,201901L0165692,,15,0
633,20.98,17.83,17.83,25,5,2019-04-29 15:58:38,2019-04-29 15:58:38,1,50,2019-04-29,577034,,15,0
634,2.57,2.19,2.19,160,100,2019-04-29 16:07:07,2019-04-29 16:07:07,1,150,2019-04-29,577034,,15,0
635,15.8,13.43,12.09,19,7,2019-05-02 13:38:14,2019-05-02 13:38:14,2,300,2019-05-02,422327,,15,10
636,24.1,20.49,18.44,14,7,2019-05-02 13:42:43,2019-05-02 13:44:59,2,300,2019-05-02,422327,,15,10
637,37,31.45,31.45,51,15,2019-05-02 13:48:10,2019-05-02 13:48:10,8,200,2019-05-02,21498,,15,0
638,38.25,32.51,32.51,52,15,2019-05-02 13:51:21,2019-05-02 13:51:21,8,100,2019-05-02,21498,,15,0
639,16.05,13.64,12.28,6,3,2019-05-02 14:16:06,2019-05-02 14:16:06,3,420,2019-05-02,58091,,15,10
640,17,14.45,14.45,29,6,2019-05-02 14:21:24,2019-05-02 14:21:24,1,140,2019-05-02,580440,,15,0
641,2.57,2.19,2.19,160,100,2019-05-02 15:06:32,2019-05-02 15:06:32,1,150,2019-05-02,580440,,15,0
642,25.2,21.42,21.42,69,25,2019-05-02 15:20:39,2019-05-02 15:20:39,5,150,2019-05-02,1529941,,15,0
643,19.75,16.79,12.59,158,99,2019-05-02 15:50:50,2019-05-02 15:50:50,18,400,2019-05-02,144,,15,25
644,23.52,20,20,80,29,2019-05-03 14:02:08,2019-05-03 14:02:08,20,300,2019-05-03,22710,,15,0
645,20.5,17.43,17.43,176,29,2019-05-03 14:04:18,2019-05-03 14:04:18,20,150,2019-05-03,22710,,15,0
646,11,9.35,8.42,177,4,2019-05-06 13:58:38,2019-05-06 13:58:38,3,200,2019-05-06,58407,,15,10
647,31.21,26.53,26.53,40,11,2019-05-06 16:47:39,2019-05-06 16:47:39,6,140,2019-05-06,583016,,15,0
648,8.22,6.99,6.99,178,26,2019-05-06 16:50:22,2019-05-06 16:50:22,12,420,2019-05-06,19/E9/023790,,15,0
649,10.56,8.97,8.97,165,26,2019-05-06 16:52:38,2019-05-06 16:52:38,12,200,2019-05-06,19/E9/023790,,15,0
650,24.07,20.46,20.46,71,26,2019-05-06 16:55:30,2019-05-06 16:55:30,12,140,2019-05-06,19/E9/023790,,15,0
651,24.1,20.49,18.44,14,7,2019-05-07 10:06:00,2019-05-07 10:06:00,2,300,2019-05-07,425030,,15,10
652,36,30.6,26.01,15,7,2019-05-07 10:09:23,2019-05-07 10:09:23,2,300,2019-05-07,425030,,15,10
653,37,31.45,31.45,51,15,2019-05-07 11:14:56,2019-05-07 11:14:56,8,200,2019-05-07,21538,,15,0
654,38.25,32.51,32.51,52,15,2019-05-07 11:17:09,2019-05-07 11:17:09,8,200,2019-05-07,21538,,15,0
655,89.8,76.33,68.7,7,4,2019-05-07 12:16:21,2019-05-07 12:16:21,3,50,2019-05-07,58550,,15,10
656,20.5,17.43,17.43,176,29,2019-05-08 10:59:06,2019-05-08 10:59:06,20,300,2019-05-08,23784,,15,0
657,4,3.4,3.4,163,23,2019-05-08 11:59:21,2019-05-08 11:59:21,14,600,2019-05-08,333937-19,,15,0
658,23,19.55,19.55,159,11,2019-05-08 12:51:55,2019-05-08 12:51:55,6,140,2019-05-08,588469,,15,0
659,35,29.75,29.75,171,101,2019-05-09 9:48:08,2019-05-09 9:48:08,19,150,2019-05-09,60355,,15,0
660,10,8.5,8.5,170,101,2019-05-09 9:50:01,2019-05-09 9:50:01,20,600,2019-05-09,60355,,15,0
661,170,144.5,131.36,161,16,2019-05-09 12:28:00,2019-05-09 12:28:00,9,22,2019-05-09,27903,,15,10
662,25.2,21.42,21.42,69,25,2019-05-14 12:11:07,2019-05-14 12:11:07,9,150,2019-05-14,1536084,,15,0
663,20,17,15.45,179,16,2019-05-14 12:16:08,2019-07-03 17:15:58,9,30,2019-05-14,28012,,15,10
664,15.8,13.43,12.09,19,7,2019-05-14 13:01:26,2019-05-14 13:01:26,2,300,2019-05-14,429095,,15,10
665,11,9.35,8.42,177,4,2019-05-16 11:44:26,2019-05-16 11:44:26,3,100,2019-05-16,59839,,15,10
666,39,33.15,33.15,51,15,2019-05-17 10:17:56,2019-05-17 10:17:56,8,300,2019-05-17,21616,,15,0
667,24.1,20.49,18.44,14,7,2019-05-17 11:55:00,2019-05-17 11:57:45,2,300,2019-05-17,431263,,15,10
668,36,30.6,27.54,15,7,2019-05-17 11:56:41,2019-05-17 11:56:41,2,300,2019-05-17,431263,,15,10
669,60,51,51,113,27,2019-05-21 11:02:12,2019-05-21 11:02:12,5,100,2019-05-21,1545533,,15,0
670,25,21.25,19.13,17,7,2019-05-22 12:11:43,2019-05-22 12:11:43,2,150,2019-05-22,433620,,15,10
671,16.05,13.64,12.28,6,4,2019-05-23 10:12:16,2019-05-23 10:12:16,3,280,2019-05-23,60616,,15,10
672,10,8.5,7.65,151,97,2019-05-23 12:31:14,2019-05-23 12:31:14,16,300,2019-05-23,10425,,15,10
673,17.5,14.88,12.4,180,19,2019-05-24 10:56:55,2019-05-24 11:01:59,12,336,2019-05-24,19/E9/026960,,15,20
674,25.2,21.42,21.42,69,25,2019-05-28 9:36:35,2019-05-28 9:36:35,5,300,2019-05-28,1551053,,15,0
675,20.5,17.43,17.43,176,29,2019-05-28 11:01:13,2019-05-28 11:01:13,20,300,2019-05-28,29631,,15,0
676,89.8,76.33,68.7,7,4,2019-05-28 11:03:49,2019-05-28 11:03:49,3,50,2019-05-28,61229,,15,10
677,11,9.35,8.42,177,4,2019-05-28 11:13:20,2019-05-28 11:13:20,3,200,2019-05-28,61229,,15,10
678,39,33.15,33.15,51,15,2019-05-28 11:15:12,2019-05-28 11:15:12,8,200,2019-05-28,21675,,15,0
679,20,17,17,77,14,2019-05-28 12:49:15,2019-05-28 12:49:15,1,150,2019-05-28,602835,,15,0
680,20,17,15.3,164,1,2019-05-28 12:52:52,2019-05-31 12:07:58,13,140,2019-05-31,3741911074254,,15,10
681,24.1,20.49,18.44,14,7,2019-05-28 12:55:01,2019-05-28 12:55:01,2,200,2019-05-28,437045,,15,10
682,36,30.6,27.54,15,7,2019-05-28 12:56:18,2019-05-28 12:56:18,2,200,2019-05-28,437045,,15,10
683,18.2,15.47,13.92,19,7,2019-05-28 12:57:33,2019-05-28 12:57:33,2,200,2019-05-28,437045,,15,10
684,170,144.5,131.36,161,16,2019-05-30 10:30:16,2019-05-30 10:30:16,9,22,2019-05-30,28423,,15,10
685,35,29.75,29.75,171,101,2019-05-31 12:10:52,2019-05-31 12:10:52,19,300,2019-05-31,62108,,15,0
686,25,21.25,19.13,17,7,2019-05-31 12:13:29,2019-05-31 12:13:29,2,150,2019-05-31,438534,,15,10
687,20.98,17.83,17.83,25,5,2019-06-03 13:02:32,2019-06-03 13:02:32,1,150,2019-06-03,605971,,15,0
688,10.56,8.97,8.97,165,26,2019-06-10 14:15:46,2019-06-10 14:15:46,12,400,2019-06-10,19/E9/029280,,15,0
689,150,127.5,115.91,54,16,2019-06-10 15:56:05,2019-06-10 15:56:05,9,11,2019-06-10,28564,,15,10
690,170,144.5,131.63,161,16,2019-06-10 16:18:31,2019-06-10 16:18:31,9,33,2019-06-10,28564,,15,10
691,38.25,32.51,32.51,52,15,2019-06-11 12:33:00,2019-06-11 12:33:00,8,200,2019-06-11,21726,,15,0
692,2.7,2.3,2.25,160,100,2019-06-11 13:44:42,2019-06-11 13:44:42,1,1000,2019-06-11,610605,,15,2
693,16.5,14.03,14.03,168,25,2019-06-11 14:50:41,2019-06-11 14:50:41,5,300,2019-06-11,1559921,,15,0
694,22.14,18.82,18.82,181,2,2019-06-11 15:46:22,2019-06-11 15:46:22,4,210,2019-06-11,272256,,15,0
695,4,3.4,3.4,163,23,2019-06-12 13:12:00,2019-06-12 13:12:00,14,600,2019-06-12,406448-19,,15,0
696,39,33.15,33.15,51,15,2019-06-13 13:47:29,2019-06-13 13:47:29,8,400,2019-06-13,21753,,15,0
697,24.1,20.49,18.44,14,7,2019-06-13 13:48:57,2019-06-13 13:48:57,2,400,2019-06-13,443491,,15,10
698,11.3,9.61,8.64,18,7,2019-06-13 13:50:26,2019-06-13 13:50:26,2,800,2019-06-13,443491,,15,10
699,61.1,51.93,46.74,156,19,2019-06-13 16:18:04,2019-06-13 16:18:04,12,110,2019-06-13,19/E9/029960,,15,10
700,14.29,12.14,12.14,153,28,2019-06-14 15:12:27,2019-06-14 15:12:27,10,280,2019-06-14,1819010196884,,15,0
701,26.79,22.77,22.77,57,18,2019-06-14 15:15:11,2019-06-14 15:15:11,1,100,2019-06-14,612995,,15,0
702,28.57,24.29,24.29,22,5,2019-06-14 15:19:00,2019-06-14 15:19:00,1,140,2019-06-14,613955,,15,0
703,2.71,2.31,2.26,160,100,2019-06-14 15:20:48,2019-06-14 15:20:48,1,500,2019-06-14,613955,,15,2
704,24.73,21.02,21.02,49,14,2019-06-14 15:22:51,2019-06-14 15:22:51,1,50,2019-06-14,613955,,15,0
705,25.2,21.42,21.42,69,25,2019-06-14 15:44:30,2019-06-14 15:44:30,5,150,2019-06-14,1563127,,15,0
706,39.75,33.79,33.79,52,15,2019-06-18 13:04:09,2019-06-18 13:04:09,8,300,2019-06-18,21783,,15,0
707,4.72,4,4,63,21,2019-06-19 13:11:17,2019-06-19 13:11:17,14,600,2019-06-19,421358-19,,15,0
708,11.12,9.45,9.45,62,21,2019-06-19 13:25:49,2019-06-19 13:25:49,14,400,2019-06-19,421358-19,,15,0
709,24.1,20.49,18.44,14,7,2019-06-19 13:28:47,2019-06-19 13:28:47,2,300,2019-06-19,446869,,15,10
710,18.2,15.47,13.92,19,7,2019-06-19 13:44:00,2019-06-19 13:44:00,2,300,2019-06-19,446869,,15,10
711,36,30.6,27.54,15,7,2019-06-19 13:45:10,2019-06-19 13:45:10,2,300,2019-06-19,446869,,15,10
712,60,51,51,113,27,2019-06-19 14:14:47,2019-06-19 14:14:47,14,50,2019-06-19,1567866,,15,0
713,5.1,4.29,4.29,72,27,2019-06-19 14:16:52,2019-06-19 14:16:52,5,500,2019-06-19,1567866,,15,0
714,23.75,20.19,18.17,16,7,2019-06-20 13:20:55,2019-06-20 13:20:55,2,100,2019-06-20,447855,,15,10
715,16.07,13.66,12.29,6,4,2019-06-20 13:23:51,2019-06-20 13:23:51,3,280,2019-06-20,63621,,15,10
716,11,9.35,8.42,177,4,2019-06-20 13:34:41,2019-06-20 13:34:41,3,100,2019-06-20,63621,,15,10
717,39,33.15,33.15,51,15,2019-06-24 13:06:39,2019-06-24 13:06:39,8,400,2019-06-24,21818,,15,0
750,24.1,20.49,18.44,14,7,2019-06-25 13:17:33,2019-06-25 13:17:33,2,400,2019-06-25,449938,,15,10
751,25.2,21.42,21.42,69,25,2019-06-25 18:58:45,2019-06-25 18:58:45,5,150,2019-06-25,1571575,,15,0
752,3.93,3.34,3.34,182,105,2019-06-26 16:55:23,2019-06-26 16:55:23,12,600,2019-06-26,19/E9/031910,,15,0
753,32.14,23.32,23.32,167,25,2019-06-26 16:57:30,2019-06-26 16:57:30,5,140,2019-06-26,1572665,,15,0
754,11,9.35,8.42,177,4,2019-06-26 16:59:00,2019-06-26 16:59:00,3,200,2019-06-26,64322,,15,10
755,36,30.6,27.54,15,7,2019-06-27 17:33:48,2019-06-27 17:33:48,2,400,2019-06-27,451789,,15,10
756,9.26,7.87,7.87,183,106,2019-06-27 17:40:41,2019-06-27 17:40:41,17,140,2019-06-27,201901L0241635,,15,0
757,13.64,11.6,11.6,154,98,2019-06-27 17:43:40,2019-06-27 17:43:40,17,200,2019-06-27,201901L0241635,,15,0
758,19.6,16.66,16.66,155,98,2019-06-27 17:45:28,2019-06-27 17:45:28,17,100,2019-06-27,201901L0241635,,15,0
759,20,17,17,77,14,2019-07-01 14:11:06,2019-07-01 14:11:06,1,150,2019-07-01,629084,,15,0
760,17.5,14.88,11.78,180,19,2019-07-01 15:42:29,2019-07-01 15:42:29,12,336,2019-07-01,19/E9/032300,,15,20
761,80,68,68,157,2,2019-07-02 13:15:21,2019-07-02 13:15:21,4,40,2019-07-02,290323,,15,0
762,18.2,15.47,13.92,19,7,2019-07-02 13:17:21,2019-07-02 13:17:21,2,400,2019-07-02,453814,,15,10
763,170,144.5,131.36,161,16,2019-07-02 15:12:26,2019-07-02 15:12:26,9,33,2019-07-02,29162,,15,10
764,150,127.5,115.91,54,16,2019-07-02 15:13:59,2019-07-02 15:13:59,9,11,2019-07-02,29162,,15,10
765,16.07,13.66,12.29,6,4,2019-07-03 13:03:03,2019-07-03 13:03:03,3,560,2019-07-03,64968,,15,10
766,28.42,24.16,24.16,114,62,2019-07-03 16:14:41,2019-07-03 16:14:41,20,70,2019-07-03,1920010001738,,15,0
767,35,29.75,29.75,171,101,2019-07-03 16:18:37,2019-07-03 16:18:37,19,300,2019-07-03,64117,,15,0
768,27.17,23.09,23.09,80,29,2019-07-03 17:05:49,2019-07-03 17:05:49,20,300,2019-07-03,38931,,15,0
769,10,8.5,8.5,170,101,2019-07-03 17:37:44,2019-07-03 17:37:44,19,600,2019-07-03,64426,,15,0
770,60,51,51,113,27,2019-07-04 14:27:32,2019-07-04 14:27:32,5,100,2019-07-04,1579587,,15,0
771,22,18.7,18.7,24,5,2019-07-04 14:35:49,2019-07-04 14:35:49,1,140,2019-07-04,631016,,15,0
772,20.98,17.83,17.83,25,5,2019-07-04 14:38:42,2019-07-04 14:38:42,1,100,2019-07-04,631016,,15,0
773,14,11.9,11.9,162,17,2019-07-05 13:36:04,2019-07-05 13:36:04,5,150,2019-07-05,1580547,,15,0
774,14.29,12.14,12.14,153,28,2019-07-08 15:42:09,2019-07-08 15:42:09,10,210,2019-07-08,1920010004798,,15,0
775,10,8.5,7.65,151,97,2019-07-09 12:28:41,2019-07-09 12:28:41,16,500,2019-07-09,10992,,15,10
776,39.75,33.79,33.79,52,15,2019-07-09 12:30:27,2019-07-09 12:30:27,8,300,2019-07-09,21915,,15,0
777,13,11.05,11.05,184,107,2019-07-09 14:15:46,2019-07-09 14:15:46,14,150,2019-07-09,469664-19,,15,0
778,4,3.4,3.4,163,23,2019-07-10 12:43:31,2019-07-10 12:43:31,14,900,2019-07-10,468669-19,,15,0
779,1.79,1.52,1.52,68,24,2019-07-10 12:47:31,2019-07-10 12:47:31,14,500,2019-07-10,471092-19,,15,0
780,26.79,22.77,20.5,57,18,2019-07-10 15:06:12,2019-07-10 15:06:12,1,150,2019-07-10,635861,,15,10
781,19.75,16.79,10.07,158,99,2019-07-10 15:08:27,2019-07-10 15:08:27,18,400,2019-07-10,203,,15,40
782,14.64,12.44,12.44,58,19,2019-07-10 15:10:54,2019-07-10 15:10:54,12,600,2019-07-10,19/E9/034090,,15,0
783,20.98,17.83,17.83,25,5,2019-07-11 15:55:00,2019-07-11 15:55:00,1,100,2019-07-11,637820,,15,0
784,17,14.45,14.45,29,6,2019-07-11 15:57:17,2019-07-11 15:57:17,1,84,2019-07-11,637820,,15,0
785,24.1,20.49,18.44,14,7,2019-07-12 12:28:26,2019-07-12 12:28:26,2,400,2019-07-12,459603,,15,10
786,25.2,21.42,21.42,69,25,2019-07-15 12:52:17,2019-07-15 12:52:17,5,150,2019-07-15,1588466,,15,0
787,61.1,51.93,47.21,156,19,2019-07-15 14:34:30,2019-07-15 14:34:30,12,110,2019-07-15,19/E9/034530,,15,10
788,39,33.15,33.15,51,15,2019-07-17 13:00:07,2019-07-17 13:00:07,8,200,2019-07-17,21951,,15,0
789,39.75,33.79,33.79,52,15,2019-07-17 13:01:59,2019-07-17 13:01:59,8,200,2019-07-17,21951,,15,0
790,18,15.3,13.77,152,97,2019-07-17 13:38:23,2019-07-17 13:38:23,16,100,2019-07-17,11121,,15,10
791,21.5,18.28,16.45,185,108,2019-07-17 15:39:26,2019-07-17 15:39:26,1,100,2019-07-17,642595,,15,10
792,14.29,12.14,12.14,153,28,2019-07-17 15:43:13,2019-07-17 15:43:13,10,210,2019-07-17,1920010010078,,15,0
793,13,11.05,11.05,184,17,2019-07-17 15:45:16,2019-07-17 15:45:16,14,200,2019-07-17,486515-19,,15,0
794,20.98,17.83,17.83,25,5,2019-07-17 15:47:10,2019-07-17 15:47:10,1,100,2019-07-17,642644,,15,0
795,23.2,19.72,19.72,186,17,2019-07-18 13:46:33,2019-07-18 13:46:33,5,300,2019-07-18,1591919,,15,0
796,17,14.45,14.45,29,6,2019-07-18 14:06:22,2019-07-18 14:06:22,1,84,2019-07-18,642644,,15,0
797,27.17,23.09,23.09,80,29,2019-07-18 14:09:49,2019-07-18 14:09:49,20,300,2019-07-18,42730,,15,0
798,1.44,1.22,1.22,174,29,2019-07-18 15:35:38,2019-07-18 15:35:38,6,600,2019-07-18,31652,,15,0
799,26.45,22.48,22.48,159,11,2019-07-18 15:37:24,2019-07-18 15:37:24,6,140,2019-07-18,31652,,15,0
800,28.8,24.48,22.03,14,7,2019-07-22 13:53:07,2019-07-22 13:53:07,2,200,2019-07-22,465092,,15,10
801,36,30.6,27.54,15,7,2019-07-22 13:55:28,2019-07-22 13:55:28,2,200,2019-07-22,465092,,15,10
802,25,21.25,19.13,17,7,2019-07-22 13:56:52,2019-07-22 13:56:52,2,100,2019-07-22,465092,,15,10
803,11.3,9.61,8.64,18,7,2019-07-22 13:58:19,2019-07-22 13:58:19,2,200,2019-07-22,465092,,15,10
804,8.22,6.99,6.99,178,26,2019-07-22 14:01:50,2019-07-22 14:01:50,12,420,2019-07-22,19/E9/034950,,15,0
805,10.56,8.97,8.97,165,26,2019-07-22 14:03:57,2019-07-22 14:03:57,12,400,2019-07-22,19/E9/034950,,15,0
806,12,10.2,10.2,187,26,2019-07-22 14:21:18,2019-07-22 14:21:18,12,70,2019-07-22,19/E9/034950,,15,0
807,17.14,14.57,14.57,188,26,2019-07-22 14:22:43,2019-07-22 14:22:43,12,70,2019-07-22,19/E9/034950,,15,0
808,13.93,11.84,11.84,189,26,2019-07-22 14:24:38,2019-07-22 14:24:38,12,70,2019-07-22,19/E9/034950,,15,0
809,18.57,15.79,15.79,190,26,2019-07-22 14:26:06,2019-07-22 14:26:06,12,70,2019-07-22,19/E9/034950,,15,0
810,20.54,17.46,17.46,39,11,2019-07-22 15:46:55,2019-07-22 15:46:55,6,210,2019-07-22,37675,,15,0
811,31.21,26.53,26.53,40,11,2019-07-22 15:50:32,2019-07-22 15:50:32,6,42,2019-07-22,37675,,15,0
812,25,21.25,19.13,147,16,2019-07-22 16:43:22,2019-07-22 16:43:22,9,330,2019-07-22,29641,,15,10
813,18.2,15.47,13.92,19,7,2019-07-23 12:45:32,2019-07-23 12:45:32,2,300,2019-07-23,465342,,15,10
814,5.65,4.8,4.8,61,21,2019-07-23 15:03:19,2019-07-23 15:03:19,14,400,2019-07-23,470996-19,,15,0
815,8.28,7.84,6.33,191,108,2019-07-24 14:13:33,2019-07-24 14:13:33,1,100,2019-07-24,647945,,15,10
816,39,33.15,33.15,51,15,2019-07-26 12:52:28,2019-07-26 12:52:28,8,200,2019-07-25,22014,,15,0
817,20.98,17.83,17.83,25,5,2019-07-26 15:01:38,2019-07-26 15:01:38,1,150,2019-07-26,650890,,15,0
818,1.11,0.95,0.95,192,30,2019-07-26 15:27:56,2019-07-26 15:27:56,4,1000,2019-07-26,309657,,15,0
819,170,144.5,131.36,161,16,2019-07-29 14:53:21,2019-07-29 14:53:21,9,22,2019-07-29,29894,,15,10
820,150,127.5,115.9,54,16,2019-07-29 14:54:51,2019-07-29 14:54:51,9,11,2019-07-29,29894,,15,10
821,19.6,16.66,16.66,155,98,2019-07-30 14:11:18,2019-07-30 14:11:18,17,200,2019-07-30,201901L0284525,,15,0
822,36,30.6,27.54,15,7,2019-07-31 14:20:31,2019-07-31 14:20:31,2,200,2019-07-31,470060,,15,10
823,41,34.85,34.85,193,25,2019-07-31 14:56:23,2019-07-31 14:56:23,5,100,2019-07-31,1602960,,15,0
824,25.2,21.42,21.42,69,25,2019-07-31 14:57:50,2019-07-31 14:57:50,5,150,2019-07-31,1602960,,15,0
825,39,33.15,33.15,51,15,2019-08-05 14:57:19,2019-08-05 14:57:19,8,200,2019-08-05,22061,,15,0
826,39.75,33.79,33.79,52,15,2019-08-05 14:58:32,2019-08-05 14:58:32,8,200,2019-08-05,22061,,15,0
827,30,25.5,22.95,17,7,2019-08-07 12:35:39,2019-08-07 12:35:39,2,100,2019-08-07,473174,,15,10
828,11.3,9.61,8.64,18,7,2019-08-07 12:41:41,2019-08-07 12:41:41,2,300,2019-08-07,473174,,15,10
829,16.05,13.64,12.28,6,4,2019-08-07 13:55:03,2019-08-07 13:59:05,3,560,2019-08-07,69067,,15,10
830,13.5,11.48,10.33,177,4,2019-08-07 13:57:49,2019-08-07 13:57:49,3,200,2019-08-07,69067,,15,10
831,4.72,4,4,63,21,2019-08-07 14:01:52,2019-08-07 14:01:52,14,900,2019-08-07,532020-19,,15,0
832,11.12,9.45,9.45,62,21,2019-08-07 14:04:33,2019-08-07 14:04:33,14,600,2019-08-07,532020-19,,15,0
833,2.02,1.71,1.71,65,21,2019-08-07 14:07:17,2019-08-07 14:07:17,14,1000,2019-08-07,532020-19,,15,0
834,5.52,4.69,4.69,173,23,2019-08-07 15:31:20,2019-08-07 15:31:20,14,500,2019-08-07,532444-19,,15,0
835,109.04,92.69,92.69,194,102,2019-08-07 15:34:00,2019-08-07 15:34:00,14,50,2019-08-07,532444-19,,15,0
836,22.89,19.46,19.46,196,102,2019-08-07 15:41:01,2019-08-07 15:41:01,14,140,2019-08-07,532444-19,,15,0
837,48,40.8,40.8,195,26,2019-08-07 15:46:39,2019-08-07 15:46:39,12,50,2019-08-07,19/EA/003160,,15,0
838,18.57,15.79,15.79,190,26,2019-08-07 15:50:06,2019-08-07 15:50:06,12,70,2019-08-07,19/EA/003160,,15,0
839,25.2,21.42,21.42,69,25,2019-08-07 16:02:47,2019-08-07 16:02:47,5,150,2019-08-07,5095,,15,0
840,32.14,27.32,27.32,167,25,2019-08-07 16:05:03,2019-08-07 16:05:03,5,140,2019-08-07,5095,,15,0
841,23.2,19.72,19.72,186,17,2019-08-07 16:07:09,2019-08-07 16:07:09,5,300,2019-08-07,5095,,15,0
842,14.64,12.44,12.44,58,19,2019-08-08 13:11:19,2019-08-08 13:11:19,12,330,2019-08-08,19/EA/003330,,15,0
843,28.8,24.48,22.03,14,7,2019-08-08 13:45:48,2019-08-08 13:45:48,2,300,2019-08-08,474900,,15,10
844,18.2,15.47,13.92,19,7,2019-08-08 13:47:59,2019-08-08 13:47:59,2,300,2019-08-08,474900,,15,10
845,36,30.6,27.54,15,7,2019-08-08 13:49:31,2019-08-08 13:49:31,2,300,2019-08-08,474900,,15,10
846,26.45,22.48,22.48,159,11,2019-08-08 16:13:16,2019-08-08 16:13:16,6,140,2019-08-08,66115,,15,0
847,28.8,24.48,22.03,14,7,2019-08-19 15:37:07,2019-08-19 15:37:07,2,300,2019-08-19,477740,,15,10
848,27.17,23.09,23.09,80,29,2019-08-19 15:39:17,2019-08-19 15:39:17,20,300,2019-08-19,49711,,15,0
849,39,33.15,33.15,51,15,2019-08-19 15:41:12,2019-08-19 15:41:12,8,200,2019-08-19,22121,,15,0
850,39.75,33.79,33.79,52,15,2019-08-19 15:43:24,2019-08-19 15:43:24,8,200,2019-08-19,22121,,15,0
851,36,30.6,27.54,15,7,2019-08-20 12:53:35,2019-08-20 12:53:35,2,300,2019-08-20,478428,,15,10
852,150,127.5,115.9,54,16,2019-08-21 16:07:10,2019-08-21 16:39:55,9,11,2019-08-21,30453,,15,10
853,170,144.5,131.36,161,16,2019-08-21 16:21:36,2019-08-21 16:40:18,9,33,2019-08-21,30453,,15,10
854,5.05,4.29,4.29,72,27,2019-08-21 16:27:30,2019-08-21 16:27:30,5,500,2019-08-21,13999,,15,0
855,25.2,21.42,21.42,69,25,2019-08-21 16:28:50,2019-08-21 16:28:50,5,150,2019-08-21,13999,,15,0
856,11.84,10.06,10.06,172,102,2019-08-21 16:30:51,2019-08-21 16:30:51,14,200,2019-08-21,553685-19,,15,0
857,22.89,19.46,19.46,196,102,2019-08-21 16:32:06,2019-08-21 16:32:06,14,140,2019-08-21,553685-19,,15,0
858,4,3.4,3.4,163,23,2019-08-21 16:33:40,2019-08-21 16:33:40,14,900,2019-08-21,553478-19,,15,0
859,3.28,2.79,2.79,79,23,2019-08-21 16:35:03,2019-08-21 16:35:03,14,1000,2019-08-21,553478-19,,15,0
860,39,33.15,33.15,51,15,2019-08-21 16:36:12,2019-08-21 16:36:12,8,200,2019-08-21,22133,,15,0
861,11.3,9.61,8.64,18,7,2019-08-21 16:39:05,2019-08-21 16:39:05,2,600,2019-08-21,479174,,15,10
862,14.29,12.14,12.14,153,28,2019-08-22 14:15:27,2019-08-22 14:15:27,10,280,2019-08-22,192001028793,,15,0
863,8.28,7.04,6.33,191,108,2019-08-22 15:14:39,2019-08-22 15:14:39,1,100,2019-08-22,671673,,15,10
864,21.5,18.28,16.45,185,108,2019-08-22 15:17:47,2019-08-22 15:17:47,1,150,2019-08-22,671673,,15,10